{
  "rasa_nlu_data": {
    "common_examples": [
      {
        "intent": "flight",
        "text": "hey! I want latest flight schedule"
      },
      {
        "intent": "flight",
        "text": "can you provide me flight schedule"
      },
      {
        "intent": "flight",
        "text": "please provide latest flight info"
      },
      {
        "intent": "flight",
        "text": "is it possible to get latest flight information"
      },
      {
        "intent": "flight",
        "text": "flight schedule"
      },
      {
        "intent": "flight",
        "text": "flight information"
      },
      {
        "intent": "flight",
        "text": "flight info"
      },
      {
        "intent": "inform",
        "entities": [
          {
            "start": 0,
            "end": 3,
            "value": "DEL",
            "entity": "location"
          }
        ],
        "text": "DEL"
      },
      {
        "intent": "inform",
        "entities": [
          {
            "start": 0,
            "end": 3,
            "value": "BOM",
            "entity": "location"
          }
        ],
        "text": "BOM"
      },
      {
        "intent": "inform",
        "entities": [
          {
            "start": 0,
            "end": 3,
            "value": "CCU",
            "entity": "location"
          }
        ],
        "text": "CCU"
      },
      {
        "intent": "inform",
        "entities": [
          {
            "start": 0,
            "end": 3,
            "value": "BLR",
            "entity": "location"
          }
        ],
        "text": "BLR"
      },
      {
        "intent": "inform",
        "entities": [
          {
            "start": 0,
            "end": 3,
            "value": "HYD",
            "entity": "location"
          }
        ],
        "text": "HYD"
      },
      {
        "intent": "inform",
        "entities": [
          {
            "start": 0,
            "end": 3,
            "value": "MAA",
            "entity": "location"
          }
        ],
        "text": "MAA"
      },
      {
        "intent": "inform",
        "entities": [
          {
            "start": 0,
            "end": 3,
            "value": "PNQ",
            "entity": "location"
          }
        ],
        "text": "PNQ"
      },
      {
        "intent": "inform",
        "entities": [
          {
            "start": 0,
            "end": 3,
            "value": "IXC",
            "entity": "location"
          }
        ],
        "text": "IXC"
      },
      {
        "intent": "inform",
        "entities": [
          {
            "start": 0,
            "end": 10,
            "value": "09-01-2019",
            "entity": "date"
          }
        ],
        "text": "09-01-2019"
      },
      {
        "intent": "inform",
        "entities": [
          {
            "start": 11,
            "end": 21,
            "value": "09-02-2019",
            "entity": "date"
          }
        ],
        "text": "I want for 09-02-2019"
      },
      {
        "intent": "inform",
        "entities": [
          {
            "start": 20,
            "end": 30,
            "value": "21-04-2019",
            "entity": "date"
          }
        ],
        "text": "i want to travel on 21-04-2019"
      },
      {
        "intent": "affirmation",
        "text": "ok"
      },
      {
        "intent": "affirmation",
        "text": "yea"
      },
      {
        "intent": "affirmation",
        "text": "yes"
      },
      {
        "intent": "affirmation",
        "text": "definitely"
      },
      {
        "intent": "affirmation",
        "text": "yah"
      },
      {
        "intent": "deny",
        "text": "no"
      },
      {
        "intent": "deny",
        "text": "not yet"
      },
      {
        "intent": "deny",
        "text": "never"
      },
      {
        "intent": "deny",
        "text": "not now"
      }
    ],
    "regex_features": [],
    "lookup_tables": [],
    "entity_synonyms": []
  }
}