{"py/object": "rasa_core.featurizers.MaxHistoryTrackerFeaturizer", "max_history": 5, "remove_duplicates": true, "state_featurizer": {"py/object": "rasa_core.featurizers.BinarySingleStateFeaturizer", "input_state_map": {"entity_date": 5, "entity_location": 4, "intent_affirmation": 0, "intent_deny": 1, "intent_inform": 2, "intent_ticket": 3, "prev_action_default_fallback": 11, "prev_action_get_flight": 22, "prev_action_listen": 9, "prev_action_restart": 10, "prev_action_save_date": 21, "prev_action_save_destination": 20, "prev_action_save_origin": 19, "prev_action_slot_reset": 23, "prev_utter_boarding": 12, "prev_utter_check_another_one": 16, "prev_utter_confirm": 15, "prev_utter_date": 14, "prev_utter_destination": 13, "prev_utter_thanks": 17, "prev_utter_unclear": 18, "slot_date_0": 6, "slot_from_0": 7, "slot_to_0": 8}, "num_features": 24, "slot_feature_len": 3, "user_feature_len": 6}, "use_intent_probabilities": false}